,time,velocity
0,0.84042611,0.624762829
1,0.583197572,0.004214387
2,0.693519688,0.665303394
3,0.448819205,0.191723051
4,0.727687545,0.566305657
5,0.192816942,0.533060603
6,0.588787851,0.692463421
7,0.534307689,0.980566172
8,0.071471098,0.753383866
9,0.966614317,0.755383145
10,0.997078567,0.357796163
11,0.688115598,0.223995229
12,0.465566416,0.378155651
13,0.466576357,0.785919134
14,0.725225023,0.813973986
15,0.177782074,0.113302031
16,0.034898167,0.441419493
17,0.937350917,0.759180996
18,0.279906713,0.720582429
19,0.200293806,0.850878939
20,0.941857846,0.518319278
21,0.489644026,0.844095561
22,0.525764254,0.75348671
23,0.570300128,0.350372698
24,0.178990194,0.23468659
25,0.240628249,0.335091723
26,0.242221735,0.089306144
27,0.544813062,0.845451622
28,0.730267893,0.00578932
29,0.404770842,0.743552572
30,0.710502679,0.832244379
31,0.894483728,
32,,0.713692455
33,0.81756278,
